batch	barcode	assembly method	contig	circularized	length	assembly path	taxid	taxonomic level	taxonomic label	# protein fragments	# labeled protein fragments	# fragments agree with assigned label	neg log E val
batch1	bc1012	flye_ccs	contig_1	True	1661798	/nfs/chisholmlab001/kve/2023_HIFI_Genome_Closing_Project/assembly/all_assemblies/batch1.bc1012.flye_ccs.fasta	1040.0	species	Prochlorococcus A pastoris	2450.0	2093.0	1066.0	0.66
batch1	bc1012	flye_subreadset	contig_1	True	1661793	/nfs/chisholmlab001/kve/2023_HIFI_Genome_Closing_Project/assembly/all_assemblies/batch1.bc1012.flye_subreadset.fasta	1040.0	species	Prochlorococcus A pastoris	2448.0	2090.0	1067.0	0.66
batch1	bc1012	metaflye_ccs	contig_1	True	1661798	/nfs/chisholmlab001/kve/2023_HIFI_Genome_Closing_Project/assembly/all_assemblies/batch1.bc1012.metaflye_ccs.fasta	1040.0	species	Prochlorococcus A pastoris	2448.0	2091.0	1066.0	0.66
batch1	bc1012	metaflye_subreadset	contig_6	True	1661792	/nfs/chisholmlab001/kve/2023_HIFI_Genome_Closing_Project/assembly/all_assemblies/batch1.bc1012.metaflye_subreadset.fasta	1040.0	species	Prochlorococcus A pastoris	2447.0	2089.0	1065.0	0.66
batch1	bc1019	flye_subreadset	contig_1	True	2588320	/nfs/chisholmlab001/kve/2023_HIFI_Genome_Closing_Project/assembly/all_assemblies/batch1.bc1019.flye_subreadset.fasta	1691.0	genus	Prochlorococcus C	3399.0	3251.0	2460.0	0.85
batch1	bc1019	metaflye_subreadset	contig_60	True	2588322	/nfs/chisholmlab001/kve/2023_HIFI_Genome_Closing_Project/assembly/all_assemblies/batch1.bc1019.metaflye_subreadset.fasta	1691.0	genus	Prochlorococcus C	3397.0	3249.0	2458.0	0.85
batch1	bc1018	flye_subreadset	contig_1	True	2461418	/nfs/chisholmlab001/kve/2023_HIFI_Genome_Closing_Project/assembly/all_assemblies/batch1.bc1018.flye_subreadset.fasta	1691.0	genus	Prochlorococcus C	3280.0	3151.0	2425.0	0.87
batch1	bc1018	metaflye_subreadset	contig_1	True	2461429	/nfs/chisholmlab001/kve/2023_HIFI_Genome_Closing_Project/assembly/all_assemblies/batch1.bc1018.metaflye_subreadset.fasta	1691.0	genus	Prochlorococcus C	3278.0	3149.0	2423.0	0.87
batch1	bc1017	flye_ccs	contig_1	True	1641776	/nfs/chisholmlab001/kve/2023_HIFI_Genome_Closing_Project/assembly/all_assemblies/batch1.bc1017.flye_ccs.fasta	27560.0	species	Prochlorococcus A marinus E	2602.0	2247.0	907.0	0.59
batch1	bc1017	flye_subreadset	contig_1	True	1641774	/nfs/chisholmlab001/kve/2023_HIFI_Genome_Closing_Project/assembly/all_assemblies/batch1.bc1017.flye_subreadset.fasta	27560.0	species	Prochlorococcus A marinus E	2601.0	2244.0	907.0	0.59
batch1	bc1017	metaflye_ccs	contig_1	True	1641776	/nfs/chisholmlab001/kve/2023_HIFI_Genome_Closing_Project/assembly/all_assemblies/batch1.bc1017.metaflye_ccs.fasta	27560.0	species	Prochlorococcus A marinus E	2602.0	2247.0	907.0	0.59
batch1	bc1017	metaflye_subreadset	contig_155	True	1641774	/nfs/chisholmlab001/kve/2023_HIFI_Genome_Closing_Project/assembly/all_assemblies/batch1.bc1017.metaflye_subreadset.fasta	27560.0	species	Prochlorococcus A marinus E	2601.0	2245.0	907.0	0.59
batch1	bc1016	flye_ccs	contig_5	True	1641776	/nfs/chisholmlab001/kve/2023_HIFI_Genome_Closing_Project/assembly/all_assemblies/batch1.bc1016.flye_ccs.fasta	27560.0	species	Prochlorococcus A marinus E	2602.0	2247.0	908.0	0.59
batch1	bc1016	flye_subreadset	contig_1	True	1641774	/nfs/chisholmlab001/kve/2023_HIFI_Genome_Closing_Project/assembly/all_assemblies/batch1.bc1016.flye_subreadset.fasta	27560.0	species	Prochlorococcus A marinus E	2602.0	2246.0	909.0	0.59
batch1	bc1016	metaflye_ccs	contig_11	True	1641776	/nfs/chisholmlab001/kve/2023_HIFI_Genome_Closing_Project/assembly/all_assemblies/batch1.bc1016.metaflye_ccs.fasta	27560.0	species	Prochlorococcus A marinus E	2602.0	2247.0	908.0	0.59
batch1	bc1016	metaflye_subreadset	contig_116	True	1641774	/nfs/chisholmlab001/kve/2023_HIFI_Genome_Closing_Project/assembly/all_assemblies/batch1.bc1016.metaflye_subreadset.fasta	27560.0	species	Prochlorococcus A marinus E	2599.0	2243.0	908.0	0.59
batch1	bc1021	flye_subreadset	contig_2	True	4254750	/nfs/chisholmlab001/kve/2023_HIFI_Genome_Closing_Project/assembly/all_assemblies/batch1.bc1021.flye_subreadset.fasta	12623.0	genus	Thalassobius	5862.0	5607.0	2737.0	0.61
batch1	bc1021	flye_subreadset	contig_1	True	2605723	/nfs/chisholmlab001/kve/2023_HIFI_Genome_Closing_Project/assembly/all_assemblies/batch1.bc1021.flye_subreadset.fasta	11305.0	species	Synechococcus C sp002171995	3733.0	3465.0	1675.0	0.58
batch1	bc1021	metaflye_subreadset	contig_98	True	4254766	/nfs/chisholmlab001/kve/2023_HIFI_Genome_Closing_Project/assembly/all_assemblies/batch1.bc1021.metaflye_subreadset.fasta	12623.0	genus	Thalassobius	5863.0	5609.0	2737.0	0.61
batch1	bc1021	metaflye_subreadset	contig_76	True	2605724	/nfs/chisholmlab001/kve/2023_HIFI_Genome_Closing_Project/assembly/all_assemblies/batch1.bc1021.metaflye_subreadset.fasta	11305.0	species	Synechococcus C sp002171995	3732.0	3466.0	1674.0	0.58
batch1	bc1022	flye_ccs	contig_1	True	2852717	/nfs/chisholmlab001/kve/2023_HIFI_Genome_Closing_Project/assembly/all_assemblies/batch1.bc1022.flye_ccs.fasta	42045.0	species	Synechococcus C sp002687115	4198.0	3864.0	1729.0	0.53
batch1	bc1022	flye_subreadset	contig_1	True	2852716	/nfs/chisholmlab001/kve/2023_HIFI_Genome_Closing_Project/assembly/all_assemblies/batch1.bc1022.flye_subreadset.fasta	42045.0	species	Synechococcus C sp002687115	4196.0	3862.0	1728.0	0.53
batch1	bc1022	metaflye_ccs	contig_1	True	2852717	/nfs/chisholmlab001/kve/2023_HIFI_Genome_Closing_Project/assembly/all_assemblies/batch1.bc1022.metaflye_ccs.fasta	42045.0	species	Synechococcus C sp002687115	4198.0	3864.0	1730.0	0.53
batch1	bc1022	metaflye_subreadset	contig_1	True	2852752	/nfs/chisholmlab001/kve/2023_HIFI_Genome_Closing_Project/assembly/all_assemblies/batch1.bc1022.metaflye_subreadset.fasta	42045.0	species	Synechococcus C sp002687115	4196.0	3862.0	1728.0	0.53
batch2	bc1015	flye_ccs	contig_1	True	2424789	/nfs/chisholmlab001/kve/2023_HIFI_Genome_Closing_Project/assembly/all_assemblies/batch2.bc1015.flye_ccs.fasta	5127.0	species	Synechococcus C sp001632165	3728.0	3242.0	1669.0	0.66
batch2	bc1015	flye_subreadset	contig_2	True	2424787	/nfs/chisholmlab001/kve/2023_HIFI_Genome_Closing_Project/assembly/all_assemblies/batch2.bc1015.flye_subreadset.fasta	5127.0	species	Synechococcus C sp001632165	3729.0	3244.0	1672.0	0.66
batch2	bc1015	metaflye_ccs	contig_49	True	2424801	/nfs/chisholmlab001/kve/2023_HIFI_Genome_Closing_Project/assembly/all_assemblies/batch2.bc1015.metaflye_ccs.fasta	5127.0	species	Synechococcus C sp001632165	3728.0	3242.0	1669.0	0.66
batch2	bc1015	metaflye_subreadset	contig_45	True	2424787	/nfs/chisholmlab001/kve/2023_HIFI_Genome_Closing_Project/assembly/all_assemblies/batch2.bc1015.metaflye_subreadset.fasta	5127.0	species	Synechococcus C sp001632165	3728.0	3243.0	1671.0	0.66
batch2	bc1016	flye_ccs	contig_1	True	1709271	/nfs/chisholmlab001/kve/2023_HIFI_Genome_Closing_Project/assembly/all_assemblies/batch2.bc1016.flye_ccs.fasta	19771.0	species	Prochlorococcus A marinus L	2598.0	2249.0	1179.0	0.73
batch2	bc1016	metaflye_ccs	contig_57	True	1709271	/nfs/chisholmlab001/kve/2023_HIFI_Genome_Closing_Project/assembly/all_assemblies/batch2.bc1016.metaflye_ccs.fasta	19771.0	species	Prochlorococcus A marinus L	2598.0	2250.0	1180.0	0.73
batch2	bc1016	metaflye_subreadset	contig_233	True	1709271	/nfs/chisholmlab001/kve/2023_HIFI_Genome_Closing_Project/assembly/all_assemblies/batch2.bc1016.metaflye_subreadset.fasta	19771.0	species	Prochlorococcus A marinus L	2598.0	2250.0	1181.0	0.73
batch2	bc1017	flye_ccs	contig_76	True	1927571	/nfs/chisholmlab001/kve/2023_HIFI_Genome_Closing_Project/assembly/all_assemblies/batch2.bc1017.flye_ccs.fasta	1815.0	genus	Prochlorococcus B	2678.0	2552.0	2159.0	0.92
batch2	bc1017	metaflye_ccs	contig_223	True	1927571	/nfs/chisholmlab001/kve/2023_HIFI_Genome_Closing_Project/assembly/all_assemblies/batch2.bc1017.metaflye_ccs.fasta	1815.0	genus	Prochlorococcus B	2679.0	2553.0	2160.0	0.92
batch2	bc1017	metaflye_subreadset	contig_1	True	1927571	/nfs/chisholmlab001/kve/2023_HIFI_Genome_Closing_Project/assembly/all_assemblies/batch2.bc1017.metaflye_subreadset.fasta	1815.0	genus	Prochlorococcus B	2679.0	2552.0	2159.0	0.92
batch2	bc1018	flye_ccs	contig_27	True	1752272	/nfs/chisholmlab001/kve/2023_HIFI_Genome_Closing_Project/assembly/all_assemblies/batch2.bc1018.flye_ccs.fasta	19267.0	species	Prochlorococcus sp000760215	2277.0	1958.0	1490.0	0.9
batch2	bc1018	flye_subreadset	contig_22	True	1752272	/nfs/chisholmlab001/kve/2023_HIFI_Genome_Closing_Project/assembly/all_assemblies/batch2.bc1018.flye_subreadset.fasta	19267.0	species	Prochlorococcus sp000760215	2277.0	1958.0	1491.0	0.9
batch2	bc1018	metaflye_ccs	contig_145	True	1752272	/nfs/chisholmlab001/kve/2023_HIFI_Genome_Closing_Project/assembly/all_assemblies/batch2.bc1018.metaflye_ccs.fasta	19267.0	species	Prochlorococcus sp000760215	2277.0	1958.0	1490.0	0.9
batch2	bc1018	metaflye_subreadset	contig_1217	True	1752272	/nfs/chisholmlab001/kve/2023_HIFI_Genome_Closing_Project/assembly/all_assemblies/batch2.bc1018.metaflye_subreadset.fasta	19267.0	species	Prochlorococcus sp000760215	2277.0	1958.0	1490.0	0.9
batch2	bc1019	flye_ccs	contig_1	True	1752272	/nfs/chisholmlab001/kve/2023_HIFI_Genome_Closing_Project/assembly/all_assemblies/batch2.bc1019.flye_ccs.fasta	19267.0	species	Prochlorococcus sp000760215	2277.0	1958.0	1490.0	0.9
batch2	bc1019	metaflye_ccs	contig_32	True	1752272	/nfs/chisholmlab001/kve/2023_HIFI_Genome_Closing_Project/assembly/all_assemblies/batch2.bc1019.metaflye_ccs.fasta	19267.0	species	Prochlorococcus sp000760215	2277.0	1958.0	1490.0	0.9
batch2	bc1019	metaflye_subreadset	contig_1	True	1752274	/nfs/chisholmlab001/kve/2023_HIFI_Genome_Closing_Project/assembly/all_assemblies/batch2.bc1019.metaflye_subreadset.fasta	19267.0	species	Prochlorococcus sp000760215	2276.0	1956.0	1488.0	0.89
batch2	bc1020	flye_subreadset	contig_88	True	1751900	/nfs/chisholmlab001/kve/2023_HIFI_Genome_Closing_Project/assembly/all_assemblies/batch2.bc1020.flye_subreadset.fasta	6366.0	species	Prochlorococcus marinus	2257.0	1917.0	1461.0	0.89
batch2	bc1020	metaflye_ccs	contig_6	True	1751899	/nfs/chisholmlab001/kve/2023_HIFI_Genome_Closing_Project/assembly/all_assemblies/batch2.bc1020.metaflye_ccs.fasta	6366.0	species	Prochlorococcus marinus	2257.0	1917.0	1461.0	0.89
batch2	bc1020	metaflye_subreadset	contig_12	True	1751900	/nfs/chisholmlab001/kve/2023_HIFI_Genome_Closing_Project/assembly/all_assemblies/batch2.bc1020.metaflye_subreadset.fasta	6366.0	species	Prochlorococcus marinus	2257.0	1917.0	1461.0	0.89
batch2	bc1021	flye_ccs	contig_1	True	2414421	/nfs/chisholmlab001/kve/2023_HIFI_Genome_Closing_Project/assembly/all_assemblies/batch2.bc1021.flye_ccs.fasta	5127.0	species	Synechococcus C sp001632165	3704.0	3219.0	1652.0	0.66
batch2	bc1021	flye_subreadset	contig_1	True	2414431	/nfs/chisholmlab001/kve/2023_HIFI_Genome_Closing_Project/assembly/all_assemblies/batch2.bc1021.flye_subreadset.fasta	5127.0	species	Synechococcus C sp001632165	3704.0	3219.0	1652.0	0.66
batch2	bc1021	metaflye_ccs	contig_1	True	2414443	/nfs/chisholmlab001/kve/2023_HIFI_Genome_Closing_Project/assembly/all_assemblies/batch2.bc1021.metaflye_ccs.fasta	5127.0	species	Synechococcus C sp001632165	3704.0	3219.0	1652.0	0.66
batch2	bc1021	metaflye_subreadset	contig_671	True	2414412	/nfs/chisholmlab001/kve/2023_HIFI_Genome_Closing_Project/assembly/all_assemblies/batch2.bc1021.metaflye_subreadset.fasta	5127.0	species	Synechococcus C sp001632165	3705.0	3220.0	1653.0	0.66
batch2	bc1022	metaflye_ccs	contig_229	True	2798325	/nfs/chisholmlab001/kve/2023_HIFI_Genome_Closing_Project/assembly/all_assemblies/batch2.bc1022.metaflye_ccs.fasta	42045.0	species	Synechococcus C sp002687115	4095.0	3796.0	1691.0	0.52
batch3	bc1001	flye_subreadset	contig_24	True	4395452	/nfs/chisholmlab001/kve/2023_HIFI_Genome_Closing_Project/assembly/all_assemblies/batch3.bc1001.flye_subreadset.fasta	1217.0	genus	Marinobacter	6501.0	6044.0	3989.0	0.77
batch3	bc1001	flye_subreadset	contig_167	True	1659520	/nfs/chisholmlab001/kve/2023_HIFI_Genome_Closing_Project/assembly/all_assemblies/batch3.bc1001.flye_subreadset.fasta	15140.0	species	Prochlorococcus A marinus I	2610.0	2254.0	1046.0	0.66
batch3	bc1001	metaflye_ccs	contig_29	True	1659516	/nfs/chisholmlab001/kve/2023_HIFI_Genome_Closing_Project/assembly/all_assemblies/batch3.bc1001.metaflye_ccs.fasta	15140.0	species	Prochlorococcus A marinus I	2606.0	2248.0	1041.0	0.66
batch3	bc1001	metaflye_subreadset	contig_6	True	4395453	/nfs/chisholmlab001/kve/2023_HIFI_Genome_Closing_Project/assembly/all_assemblies/batch3.bc1001.metaflye_subreadset.fasta	1217.0	genus	Marinobacter	6504.0	6047.0	3992.0	0.77
batch3	bc1001	metaflye_subreadset	contig_28	True	1659520	/nfs/chisholmlab001/kve/2023_HIFI_Genome_Closing_Project/assembly/all_assemblies/batch3.bc1001.metaflye_subreadset.fasta	15140.0	species	Prochlorococcus A marinus I	2610.0	2253.0	1046.0	0.66
batch3	bc1002	metaflye_ccs	contig_8	True	1649445	/nfs/chisholmlab001/kve/2023_HIFI_Genome_Closing_Project/assembly/all_assemblies/batch3.bc1002.metaflye_ccs.fasta	15140.0	species	Prochlorococcus A marinus I	2579.0	2224.0	1025.0	0.66
batch3	bc1003	flye_ccs	contig_1	True	2520369	/nfs/chisholmlab001/kve/2023_HIFI_Genome_Closing_Project/assembly/all_assemblies/batch3.bc1003.flye_ccs.fasta	1691.0	genus	Prochlorococcus C	3288.0	3153.0	2400.0	0.86
batch3	bc1003	flye_subreadset	contig_1	True	2520371	/nfs/chisholmlab001/kve/2023_HIFI_Genome_Closing_Project/assembly/all_assemblies/batch3.bc1003.flye_subreadset.fasta	1691.0	genus	Prochlorococcus C	3288.0	3154.0	2401.0	0.86
batch3	bc1003	metaflye_ccs	contig_1	True	2520369	/nfs/chisholmlab001/kve/2023_HIFI_Genome_Closing_Project/assembly/all_assemblies/batch3.bc1003.metaflye_ccs.fasta	1691.0	genus	Prochlorococcus C	3288.0	3153.0	2400.0	0.86
batch3	bc1003	metaflye_subreadset	contig_4	True	2520372	/nfs/chisholmlab001/kve/2023_HIFI_Genome_Closing_Project/assembly/all_assemblies/batch3.bc1003.metaflye_subreadset.fasta	1691.0	genus	Prochlorococcus C	3291.0	3156.0	2401.0	0.86
batch3	bc1008	flye_ccs	contig_1	True	2609429	/nfs/chisholmlab001/kve/2023_HIFI_Genome_Closing_Project/assembly/all_assemblies/batch3.bc1008.flye_ccs.fasta	1691.0	genus	Prochlorococcus C	3406.0	3240.0	2445.0	0.85
batch3	bc1008	flye_subreadset	contig_1	True	2609432	/nfs/chisholmlab001/kve/2023_HIFI_Genome_Closing_Project/assembly/all_assemblies/batch3.bc1008.flye_subreadset.fasta	1691.0	genus	Prochlorococcus C	3408.0	3242.0	2446.0	0.85
batch3	bc1008	metaflye_subreadset	contig_1	True	2609439	/nfs/chisholmlab001/kve/2023_HIFI_Genome_Closing_Project/assembly/all_assemblies/batch3.bc1008.metaflye_subreadset.fasta	1691.0	genus	Prochlorococcus C	3410.0	3244.0	2447.0	0.85
batch3	bc1009	flye_ccs	contig_1	True	2570235	/nfs/chisholmlab001/kve/2023_HIFI_Genome_Closing_Project/assembly/all_assemblies/batch3.bc1009.flye_ccs.fasta	1691.0	genus	Prochlorococcus C	3393.0	3232.0	2450.0	0.85
batch3	bc1009	flye_subreadset	contig_1	True	2570238	/nfs/chisholmlab001/kve/2023_HIFI_Genome_Closing_Project/assembly/all_assemblies/batch3.bc1009.flye_subreadset.fasta	1691.0	genus	Prochlorococcus C	3395.0	3234.0	2452.0	0.85
batch3	bc1009	metaflye_ccs	contig_1	True	2570241	/nfs/chisholmlab001/kve/2023_HIFI_Genome_Closing_Project/assembly/all_assemblies/batch3.bc1009.metaflye_ccs.fasta	1691.0	genus	Prochlorococcus C	3393.0	3232.0	2450.0	0.85
batch3	bc1009	metaflye_subreadset	contig_1	True	2570240	/nfs/chisholmlab001/kve/2023_HIFI_Genome_Closing_Project/assembly/all_assemblies/batch3.bc1009.metaflye_subreadset.fasta	1691.0	genus	Prochlorococcus C	3395.0	3234.0	2452.0	0.85
batch3	bc1010	flye_ccs	contig_1	True	2404523	/nfs/chisholmlab001/kve/2023_HIFI_Genome_Closing_Project/assembly/all_assemblies/batch3.bc1010.flye_ccs.fasta	8562.0	genus	RCC307	3269.0	3145.0	2295.0	0.81
batch3	bc1010	metaflye_ccs	contig_60	True	2404523	/nfs/chisholmlab001/kve/2023_HIFI_Genome_Closing_Project/assembly/all_assemblies/batch3.bc1010.metaflye_ccs.fasta	8562.0	genus	RCC307	3269.0	3145.0	2295.0	0.81
batch3	bc1010	metaflye_subreadset	contig_47	True	2423001	/nfs/chisholmlab001/kve/2023_HIFI_Genome_Closing_Project/assembly/all_assemblies/batch3.bc1010.metaflye_subreadset.fasta	8562.0	genus	RCC307	3274.0	3150.0	2300.0	0.81
batch3	bc1011	flye_ccs	contig_1	True	2634963	/nfs/chisholmlab001/kve/2023_HIFI_Genome_Closing_Project/assembly/all_assemblies/batch3.bc1011.flye_ccs.fasta	3779.0	genus	Synechococcus C	3638.0	3501.0	2631.0	0.84
batch3	bc1011	flye_subreadset	contig_1	True	2634967	/nfs/chisholmlab001/kve/2023_HIFI_Genome_Closing_Project/assembly/all_assemblies/batch3.bc1011.flye_subreadset.fasta	3779.0	genus	Synechococcus C	3641.0	3503.0	2633.0	0.84
batch3	bc1011	metaflye_ccs	contig_15	True	2634970	/nfs/chisholmlab001/kve/2023_HIFI_Genome_Closing_Project/assembly/all_assemblies/batch3.bc1011.metaflye_ccs.fasta	3779.0	genus	Synechococcus C	3638.0	3501.0	2631.0	0.84
batch3	bc1011	metaflye_subreadset	contig_480	True	2634966	/nfs/chisholmlab001/kve/2023_HIFI_Genome_Closing_Project/assembly/all_assemblies/batch3.bc1011.metaflye_subreadset.fasta	3779.0	genus	Synechococcus C	3639.0	3502.0	2633.0	0.84
batch3	bc1012	flye_ccs	contig_6	True	2793553	/nfs/chisholmlab001/kve/2023_HIFI_Genome_Closing_Project/assembly/all_assemblies/batch3.bc1012.flye_ccs.fasta	42045.0	species	Synechococcus C sp002687115	4093.0	3793.0	1692.0	0.52
batch3	bc1012	metaflye_ccs	contig_111	True	2793565	/nfs/chisholmlab001/kve/2023_HIFI_Genome_Closing_Project/assembly/all_assemblies/batch3.bc1012.metaflye_ccs.fasta	42045.0	species	Synechococcus C sp002687115	4092.0	3792.0	1692.0	0.52
batch3	bc1012	metaflye_subreadset	contig_110	True	2793560	/nfs/chisholmlab001/kve/2023_HIFI_Genome_Closing_Project/assembly/all_assemblies/batch3.bc1012.metaflye_subreadset.fasta	42045.0	species	Synechococcus C sp002687115	4092.0	3792.0	1692.0	0.52
batch4	bc1015	flye_subreadset	contig_38	True	4532383	/nfs/chisholmlab001/kve/2023_HIFI_Genome_Closing_Project/assembly/all_assemblies/batch4.bc1015.flye_subreadset.fasta	13048.0	genus	Shimia	6358.0	6112.0	3643.0	0.73
batch4	bc1015	metaflye_ccs	contig_3	True	4532408	/nfs/chisholmlab001/kve/2023_HIFI_Genome_Closing_Project/assembly/all_assemblies/batch4.bc1015.metaflye_ccs.fasta	13048.0	genus	Shimia	6358.0	6111.0	3645.0	0.73
batch4	bc1015	metaflye_subreadset	contig_63	True	4532889	/nfs/chisholmlab001/kve/2023_HIFI_Genome_Closing_Project/assembly/all_assemblies/batch4.bc1015.metaflye_subreadset.fasta	13048.0	genus	Shimia	6360.0	6113.0	3645.0	0.73
batch4	bc1016	flye_ccs	contig_20	True	1695276	/nfs/chisholmlab001/kve/2023_HIFI_Genome_Closing_Project/assembly/all_assemblies/batch4.bc1016.flye_ccs.fasta	13155.0	species	Prochlorococcus A marinus N	2576.0	2205.0	1256.0	0.76
batch4	bc1016	metaflye_ccs	contig_37	True	1695276	/nfs/chisholmlab001/kve/2023_HIFI_Genome_Closing_Project/assembly/all_assemblies/batch4.bc1016.metaflye_ccs.fasta	13155.0	species	Prochlorococcus A marinus N	2576.0	2205.0	1256.0	0.76
batch4	bc1016	metaflye_subreadset	contig_20	True	1695269	/nfs/chisholmlab001/kve/2023_HIFI_Genome_Closing_Project/assembly/all_assemblies/batch4.bc1016.metaflye_subreadset.fasta	13155.0	species	Prochlorococcus A marinus N	2578.0	2206.0	1255.0	0.76
batch4	bc1017	flye_ccs	contig_17	True	1743611	/nfs/chisholmlab001/kve/2023_HIFI_Genome_Closing_Project/assembly/all_assemblies/batch4.bc1017.flye_ccs.fasta	14468.0	species	Prochlorococcus A marinus M	2677.0	2307.0	1199.0	0.72
batch4	bc1017	flye_subreadset	contig_2	True	4357929	/nfs/chisholmlab001/kve/2023_HIFI_Genome_Closing_Project/assembly/all_assemblies/batch4.bc1017.flye_subreadset.fasta	1217.0	genus	Marinobacter	6618.0	6174.0	4287.0	0.79
batch4	bc1017	flye_subreadset	contig_44	True	1743605	/nfs/chisholmlab001/kve/2023_HIFI_Genome_Closing_Project/assembly/all_assemblies/batch4.bc1017.flye_subreadset.fasta	14468.0	species	Prochlorococcus A marinus M	2679.0	2309.0	1201.0	0.72
batch4	bc1017	metaflye_ccs	contig_27	True	1743611	/nfs/chisholmlab001/kve/2023_HIFI_Genome_Closing_Project/assembly/all_assemblies/batch4.bc1017.metaflye_ccs.fasta	14468.0	species	Prochlorococcus A marinus M	2678.0	2306.0	1198.0	0.72
batch4	bc1017	metaflye_subreadset	contig_21	True	4359145	/nfs/chisholmlab001/kve/2023_HIFI_Genome_Closing_Project/assembly/all_assemblies/batch4.bc1017.metaflye_subreadset.fasta	1217.0	genus	Marinobacter	6618.0	6175.0	4288.0	0.79
batch4	bc1017	metaflye_subreadset	contig_566	True	1743604	/nfs/chisholmlab001/kve/2023_HIFI_Genome_Closing_Project/assembly/all_assemblies/batch4.bc1017.metaflye_subreadset.fasta	14468.0	species	Prochlorococcus A marinus M	2679.0	2309.0	1200.0	0.71
batch4	bc1018	flye_subreadset	contig_124	True	1687906	/nfs/chisholmlab001/kve/2023_HIFI_Genome_Closing_Project/assembly/all_assemblies/batch4.bc1018.flye_subreadset.fasta	18803.0	species	Prochlorococcus A marinus B	2709.0	2369.0	944.0	0.58
batch4	bc1018	metaflye_subreadset	contig_49	True	1687907	/nfs/chisholmlab001/kve/2023_HIFI_Genome_Closing_Project/assembly/all_assemblies/batch4.bc1018.metaflye_subreadset.fasta	18803.0	species	Prochlorococcus A marinus B	2708.0	2368.0	943.0	0.58
batch4	bc1019	flye_ccs	contig_6	True	2709411	/nfs/chisholmlab001/kve/2023_HIFI_Genome_Closing_Project/assembly/all_assemblies/batch4.bc1019.flye_ccs.fasta	13544.0	species	Prochlorococcus C sp000760295	3634.0	3162.0	1950.0	0.75
batch4	bc1019	metaflye_ccs	contig_11	True	2709388	/nfs/chisholmlab001/kve/2023_HIFI_Genome_Closing_Project/assembly/all_assemblies/batch4.bc1019.metaflye_ccs.fasta	13544.0	species	Prochlorococcus C sp000760295	3635.0	3163.0	1950.0	0.75
batch4	bc1019	metaflye_subreadset	contig_2	True	2695733	/nfs/chisholmlab001/kve/2023_HIFI_Genome_Closing_Project/assembly/all_assemblies/batch4.bc1019.metaflye_subreadset.fasta	13544.0	species	Prochlorococcus C sp000760295	3628.0	3157.0	1947.0	0.75
batch4	bc1020	metaflye_subreadset	contig_368	True	2699779	/nfs/chisholmlab001/kve/2023_HIFI_Genome_Closing_Project/assembly/all_assemblies/batch4.bc1020.metaflye_subreadset.fasta	13544.0	species	Prochlorococcus C sp000760295	3638.0	3165.0	1950.0	0.75
batch4	bc1021	flye_ccs	contig_1	True	2592930	/nfs/chisholmlab001/kve/2023_HIFI_Genome_Closing_Project/assembly/all_assemblies/batch4.bc1021.flye_ccs.fasta	1691.0	genus	Prochlorococcus C	3361.0	3199.0	2419.0	0.85
batch4	bc1021	flye_subreadset	contig_5	True	2592929	/nfs/chisholmlab001/kve/2023_HIFI_Genome_Closing_Project/assembly/all_assemblies/batch4.bc1021.flye_subreadset.fasta	1691.0	genus	Prochlorococcus C	3362.0	3199.0	2419.0	0.85
batch4	bc1021	metaflye_ccs	contig_41	True	2592940	/nfs/chisholmlab001/kve/2023_HIFI_Genome_Closing_Project/assembly/all_assemblies/batch4.bc1021.metaflye_ccs.fasta	1691.0	genus	Prochlorococcus C	3362.0	3200.0	2420.0	0.85
batch4	bc1021	metaflye_subreadset	contig_11	True	2592930	/nfs/chisholmlab001/kve/2023_HIFI_Genome_Closing_Project/assembly/all_assemblies/batch4.bc1021.metaflye_subreadset.fasta	1691.0	genus	Prochlorococcus C	3363.0	3200.0	2420.0	0.85
batch4	bc1022	metaflye_subreadset	contig_140	True	2615763	/nfs/chisholmlab001/kve/2023_HIFI_Genome_Closing_Project/assembly/all_assemblies/batch4.bc1022.metaflye_subreadset.fasta	1691.0	genus	Prochlorococcus C	3423.0	3274.0	2474.0	0.85
batch5	bc1001	flye_ccs	contig_1	True	1752272	/nfs/chisholmlab001/kve/2023_HIFI_Genome_Closing_Project/assembly/all_assemblies/batch5.bc1001.flye_ccs.fasta	19267.0	species	Prochlorococcus sp000760215	2276.0	1949.0	1481.0	0.89
batch5	bc1001	metaflye_ccs	contig_8	True	1752272	/nfs/chisholmlab001/kve/2023_HIFI_Genome_Closing_Project/assembly/all_assemblies/batch5.bc1001.metaflye_ccs.fasta	19267.0	species	Prochlorococcus sp000760215	2276.0	1949.0	1481.0	0.89
batch5	bc1001	metaflye_subreadset	contig_731	True	1752272	/nfs/chisholmlab001/kve/2023_HIFI_Genome_Closing_Project/assembly/all_assemblies/batch5.bc1001.metaflye_subreadset.fasta	19267.0	species	Prochlorococcus sp000760215	2277.0	1950.0	1482.0	0.89
batch5	bc1002	flye_ccs	contig_1	True	2619430	/nfs/chisholmlab001/kve/2023_HIFI_Genome_Closing_Project/assembly/all_assemblies/batch5.bc1002.flye_ccs.fasta	1691.0	genus	Prochlorococcus C	3424.0	3272.0	2477.0	0.85
batch5	bc1002	flye_subreadset	contig_1	True	2619435	/nfs/chisholmlab001/kve/2023_HIFI_Genome_Closing_Project/assembly/all_assemblies/batch5.bc1002.flye_subreadset.fasta	1691.0	genus	Prochlorococcus C	3424.0	3272.0	2477.0	0.85
batch5	bc1002	metaflye_ccs	contig_1	True	2619436	/nfs/chisholmlab001/kve/2023_HIFI_Genome_Closing_Project/assembly/all_assemblies/batch5.bc1002.metaflye_ccs.fasta	1691.0	genus	Prochlorococcus C	3424.0	3272.0	2477.0	0.85
batch5	bc1002	metaflye_subreadset	contig_1	True	2619429	/nfs/chisholmlab001/kve/2023_HIFI_Genome_Closing_Project/assembly/all_assemblies/batch5.bc1002.metaflye_subreadset.fasta	1691.0	genus	Prochlorococcus C	3424.0	3272.0	2477.0	0.85
batch5	bc1003	flye_ccs	contig_1	True	2608057	/nfs/chisholmlab001/kve/2023_HIFI_Genome_Closing_Project/assembly/all_assemblies/batch5.bc1003.flye_ccs.fasta	1691.0	genus	Prochlorococcus C	3414.0	3245.0	2457.0	0.85
batch5	bc1003	flye_subreadset	contig_1	True	2607415	/nfs/chisholmlab001/kve/2023_HIFI_Genome_Closing_Project/assembly/all_assemblies/batch5.bc1003.flye_subreadset.fasta	1691.0	genus	Prochlorococcus C	3413.0	3245.0	2457.0	0.85
batch5	bc1003	metaflye_ccs	contig_1	True	2608057	/nfs/chisholmlab001/kve/2023_HIFI_Genome_Closing_Project/assembly/all_assemblies/batch5.bc1003.metaflye_ccs.fasta	1691.0	genus	Prochlorococcus C	3414.0	3245.0	2457.0	0.85
batch5	bc1003	metaflye_subreadset	contig_1	True	2607416	/nfs/chisholmlab001/kve/2023_HIFI_Genome_Closing_Project/assembly/all_assemblies/batch5.bc1003.metaflye_subreadset.fasta	1691.0	genus	Prochlorococcus C	3414.0	3245.0	2457.0	0.85
batch5	bc1008	flye_ccs	contig_1	True	3137790	/nfs/chisholmlab001/kve/2023_HIFI_Genome_Closing_Project/assembly/all_assemblies/batch5.bc1008.flye_ccs.fasta	12715.0	species	Synechococcus C sp001631935	4646.0	4449.0	2233.0	0.6
batch5	bc1008	metaflye_ccs	contig_1	True	3137804	/nfs/chisholmlab001/kve/2023_HIFI_Genome_Closing_Project/assembly/all_assemblies/batch5.bc1008.metaflye_ccs.fasta	12715.0	species	Synechococcus C sp001631935	4646.0	4449.0	2233.0	0.6
batch5	bc1008	metaflye_subreadset	contig_63	True	3137790	/nfs/chisholmlab001/kve/2023_HIFI_Genome_Closing_Project/assembly/all_assemblies/batch5.bc1008.metaflye_subreadset.fasta	12715.0	species	Synechococcus C sp001631935	4646.0	4449.0	2233.0	0.6
batch5	bc1009	flye_ccs	contig_1	True	2523913	/nfs/chisholmlab001/kve/2023_HIFI_Genome_Closing_Project/assembly/all_assemblies/batch5.bc1009.flye_ccs.fasta	3779.0	genus	Synechococcus C	3811.0	3605.0	2820.0	0.87
batch5	bc1009	flye_subreadset	contig_1	True	2523914	/nfs/chisholmlab001/kve/2023_HIFI_Genome_Closing_Project/assembly/all_assemblies/batch5.bc1009.flye_subreadset.fasta	3779.0	genus	Synechococcus C	3811.0	3605.0	2820.0	0.87
batch5	bc1009	metaflye_ccs	contig_29	True	2523922	/nfs/chisholmlab001/kve/2023_HIFI_Genome_Closing_Project/assembly/all_assemblies/batch5.bc1009.metaflye_ccs.fasta	3779.0	genus	Synechococcus C	3811.0	3605.0	2820.0	0.87
batch5	bc1009	metaflye_subreadset	contig_284	True	2523912	/nfs/chisholmlab001/kve/2023_HIFI_Genome_Closing_Project/assembly/all_assemblies/batch5.bc1009.metaflye_subreadset.fasta	3779.0	genus	Synechococcus C	3811.0	3605.0	2820.0	0.87
batch5	bc1010	flye_ccs	contig_1	True	2793551	/nfs/chisholmlab001/kve/2023_HIFI_Genome_Closing_Project/assembly/all_assemblies/batch5.bc1010.flye_ccs.fasta	42045.0	species	Synechococcus C sp002687115	4092.0	3792.0	1692.0	0.52
batch5	bc1010	flye_subreadset	contig_1	True	2793549	/nfs/chisholmlab001/kve/2023_HIFI_Genome_Closing_Project/assembly/all_assemblies/batch5.bc1010.flye_subreadset.fasta	42045.0	species	Synechococcus C sp002687115	4092.0	3792.0	1692.0	0.52
batch5	bc1010	metaflye_ccs	contig_1	True	2793560	/nfs/chisholmlab001/kve/2023_HIFI_Genome_Closing_Project/assembly/all_assemblies/batch5.bc1010.metaflye_ccs.fasta	42045.0	species	Synechococcus C sp002687115	4092.0	3792.0	1692.0	0.52
batch5	bc1010	metaflye_subreadset	contig_46	True	2793548	/nfs/chisholmlab001/kve/2023_HIFI_Genome_Closing_Project/assembly/all_assemblies/batch5.bc1010.metaflye_subreadset.fasta	42045.0	species	Synechococcus C sp002687115	4092.0	3792.0	1692.0	0.52
batch5	bc1011	flye_subreadset	contig_3	True	2601834	/nfs/chisholmlab001/kve/2023_HIFI_Genome_Closing_Project/assembly/all_assemblies/batch5.bc1011.flye_subreadset.fasta	50915.0	species	Synechococcus C sp001040845	3733.0	3398.0	1883.0	0.68
batch5	bc1011	metaflye_ccs	contig_2	True	2601836	/nfs/chisholmlab001/kve/2023_HIFI_Genome_Closing_Project/assembly/all_assemblies/batch5.bc1011.metaflye_ccs.fasta	50915.0	species	Synechococcus C sp001040845	3734.0	3399.0	1884.0	0.68
batch5	bc1011	metaflye_subreadset	contig_118	True	2601835	/nfs/chisholmlab001/kve/2023_HIFI_Genome_Closing_Project/assembly/all_assemblies/batch5.bc1011.metaflye_subreadset.fasta	50915.0	species	Synechococcus C sp001040845	3733.0	3398.0	1883.0	0.68
batch5	bc1012	flye_subreadset	contig_19	True	3301522	/nfs/chisholmlab001/kve/2023_HIFI_Genome_Closing_Project/assembly/all_assemblies/batch5.bc1012.flye_subreadset.fasta	79511.0	species	Synechococcus E sp003211515	4288.0	3939.0	1954.0	0.55
batch5	bc1012	metaflye_subreadset	contig_9	True	3301540	/nfs/chisholmlab001/kve/2023_HIFI_Genome_Closing_Project/assembly/all_assemblies/batch5.bc1012.metaflye_subreadset.fasta	79511.0	species	Synechococcus E sp003211515	4288.0	3939.0	1954.0	0.55
batch6	bc1010	flye_ccs	contig_1	True	2366584	/nfs/chisholmlab001/kve/2023_HIFI_Genome_Closing_Project/assembly/all_assemblies/batch6.bc1010.flye_ccs.fasta	25883.0	species	Synechococcus C sp000063505	3432.0	3027.0	1726.0	0.69
batch6	bc1010	flye_subreadset	contig_1	True	2366589	/nfs/chisholmlab001/kve/2023_HIFI_Genome_Closing_Project/assembly/all_assemblies/batch6.bc1010.flye_subreadset.fasta	25883.0	species	Synechococcus C sp000063505	3431.0	3026.0	1725.0	0.69
batch6	bc1010	metaflye_ccs	contig_1	True	2366584	/nfs/chisholmlab001/kve/2023_HIFI_Genome_Closing_Project/assembly/all_assemblies/batch6.bc1010.metaflye_ccs.fasta	25883.0	species	Synechococcus C sp000063505	3432.0	3027.0	1726.0	0.69
batch6	bc1010	metaflye_subreadset	contig_203	True	2366584	/nfs/chisholmlab001/kve/2023_HIFI_Genome_Closing_Project/assembly/all_assemblies/batch6.bc1010.metaflye_subreadset.fasta	25883.0	species	Synechococcus C sp000063505	3431.0	3026.0	1725.0	0.69
batch6	bc1012	flye_ccs	contig_1	True	2696462	/nfs/chisholmlab001/kve/2023_HIFI_Genome_Closing_Project/assembly/all_assemblies/batch6.bc1012.flye_ccs.fasta	13544.0	species	Prochlorococcus C sp000760295	3625.0	3152.0	1945.0	0.75
batch6	bc1012	metaflye_ccs	contig_111	True	2696464	/nfs/chisholmlab001/kve/2023_HIFI_Genome_Closing_Project/assembly/all_assemblies/batch6.bc1012.metaflye_ccs.fasta	13544.0	species	Prochlorococcus C sp000760295	3624.0	3151.0	1944.0	0.75
batch6	bc1012	metaflye_subreadset	contig_98	True	2696463	/nfs/chisholmlab001/kve/2023_HIFI_Genome_Closing_Project/assembly/all_assemblies/batch6.bc1012.metaflye_subreadset.fasta	13544.0	species	Prochlorococcus C sp000760295	3626.0	3152.0	1945.0	0.75
batch6	bc1015	flye_ccs	contig_1	True	2686871	/nfs/chisholmlab001/kve/2023_HIFI_Genome_Closing_Project/assembly/all_assemblies/batch6.bc1015.flye_ccs.fasta	1691.0	genus	Prochlorococcus C	3514.0	3373.0	2495.0	0.83
batch6	bc1015	flye_subreadset	contig_1	True	2686871	/nfs/chisholmlab001/kve/2023_HIFI_Genome_Closing_Project/assembly/all_assemblies/batch6.bc1015.flye_subreadset.fasta	1691.0	genus	Prochlorococcus C	3514.0	3373.0	2495.0	0.83
batch6	bc1015	metaflye_ccs	contig_1	True	2686886	/nfs/chisholmlab001/kve/2023_HIFI_Genome_Closing_Project/assembly/all_assemblies/batch6.bc1015.metaflye_ccs.fasta	1691.0	genus	Prochlorococcus C	3514.0	3373.0	2495.0	0.83
batch6	bc1015	metaflye_subreadset	contig_2	True	2686869	/nfs/chisholmlab001/kve/2023_HIFI_Genome_Closing_Project/assembly/all_assemblies/batch6.bc1015.metaflye_subreadset.fasta	1691.0	genus	Prochlorococcus C	3515.0	3374.0	2495.0	0.83
batch6	bc1016	flye_ccs	contig_101	True	1752106	/nfs/chisholmlab001/kve/2023_HIFI_Genome_Closing_Project/assembly/all_assemblies/batch6.bc1016.flye_ccs.fasta	6366.0	species	Prochlorococcus marinus	2257.0	1917.0	1462.0	0.89
batch6	bc1016	metaflye_ccs	contig_98	True	1752106	/nfs/chisholmlab001/kve/2023_HIFI_Genome_Closing_Project/assembly/all_assemblies/batch6.bc1016.metaflye_ccs.fasta	6366.0	species	Prochlorococcus marinus	2257.0	1917.0	1462.0	0.89
batch6	bc1016	metaflye_subreadset	contig_520	True	1752106	/nfs/chisholmlab001/kve/2023_HIFI_Genome_Closing_Project/assembly/all_assemblies/batch6.bc1016.metaflye_subreadset.fasta	6366.0	species	Prochlorococcus marinus	2258.0	1918.0	1463.0	0.89
batch6	bc1017	metaflye_ccs	contig_1	True	2675059	/nfs/chisholmlab001/kve/2023_HIFI_Genome_Closing_Project/assembly/all_assemblies/batch6.bc1017.metaflye_ccs.fasta	67620.0	species	Synechococcus C sp000153825	3896.0	3384.0	2173.0	0.78
batch6	bc1017	metaflye_subreadset	contig_1	True	2675055	/nfs/chisholmlab001/kve/2023_HIFI_Genome_Closing_Project/assembly/all_assemblies/batch6.bc1017.metaflye_subreadset.fasta	67620.0	species	Synechococcus C sp000153825	3898.0	3386.0	2175.0	0.78
batch6	bc1018	flye_ccs	contig_1	True	1751940	/nfs/chisholmlab001/kve/2023_HIFI_Genome_Closing_Project/assembly/all_assemblies/batch6.bc1018.flye_ccs.fasta	6366.0	species	Prochlorococcus marinus	2255.0	1916.0	1460.0	0.89
batch6	bc1018	metaflye_ccs	contig_65	True	1751940	/nfs/chisholmlab001/kve/2023_HIFI_Genome_Closing_Project/assembly/all_assemblies/batch6.bc1018.metaflye_ccs.fasta	6366.0	species	Prochlorococcus marinus	2256.0	1917.0	1461.0	0.89
batch6	bc1018	metaflye_subreadset	contig_101	True	1751939	/nfs/chisholmlab001/kve/2023_HIFI_Genome_Closing_Project/assembly/all_assemblies/batch6.bc1018.metaflye_subreadset.fasta	6366.0	species	Prochlorococcus marinus	2254.0	1914.0	1459.0	0.89
batch7	bc1015	metaflye_ccs	contig_85	True	1627281	/nfs/chisholmlab001/kve/2023_HIFI_Genome_Closing_Project/assembly/all_assemblies/batch7.bc1015.metaflye_ccs.fasta	46967.0	species	Prochlorococcus A marinus J	2493.0	2151.0	1031.0	0.66
batch7	bc1015	metaflye_subreadset	contig_99	True	1627280	/nfs/chisholmlab001/kve/2023_HIFI_Genome_Closing_Project/assembly/all_assemblies/batch7.bc1015.metaflye_subreadset.fasta	46967.0	species	Prochlorococcus A marinus J	2496.0	2154.0	1031.0	0.66
batch7	bc1016	flye_ccs	contig_40	True	2716616	/nfs/chisholmlab001/kve/2023_HIFI_Genome_Closing_Project/assembly/all_assemblies/batch7.bc1016.flye_ccs.fasta	13544.0	species	Prochlorococcus C sp000760295	3655.0	3178.0	1959.0	0.75
batch7	bc1016	flye_subreadset	contig_22	True	3696718	/nfs/chisholmlab001/kve/2023_HIFI_Genome_Closing_Project/assembly/all_assemblies/batch7.bc1016.flye_subreadset.fasta	208.0	family	Rhodobacteraceae	4474.0	4199.0	2808.0	0.73
batch7	bc1016	metaflye_ccs	contig_37	True	2716616	/nfs/chisholmlab001/kve/2023_HIFI_Genome_Closing_Project/assembly/all_assemblies/batch7.bc1016.metaflye_ccs.fasta	13544.0	species	Prochlorococcus C sp000760295	3655.0	3178.0	1959.0	0.75
batch7	bc1016	metaflye_subreadset	contig_103	True	3696717	/nfs/chisholmlab001/kve/2023_HIFI_Genome_Closing_Project/assembly/all_assemblies/batch7.bc1016.metaflye_subreadset.fasta	208.0	family	Rhodobacteraceae	4476.0	4201.0	2809.0	0.73
batch7	bc1017	flye_ccs	contig_13	True	1627281	/nfs/chisholmlab001/kve/2023_HIFI_Genome_Closing_Project/assembly/all_assemblies/batch7.bc1017.flye_ccs.fasta	46967.0	species	Prochlorococcus A marinus J	2494.0	2152.0	1032.0	0.66
batch7	bc1017	metaflye_ccs	contig_87	True	1627281	/nfs/chisholmlab001/kve/2023_HIFI_Genome_Closing_Project/assembly/all_assemblies/batch7.bc1017.metaflye_ccs.fasta	46967.0	species	Prochlorococcus A marinus J	2493.0	2151.0	1031.0	0.66
batch7	bc1017	metaflye_subreadset	contig_232	True	1627280	/nfs/chisholmlab001/kve/2023_HIFI_Genome_Closing_Project/assembly/all_assemblies/batch7.bc1017.metaflye_subreadset.fasta	46967.0	species	Prochlorococcus A marinus J	2495.0	2153.0	1033.0	0.66
batch7	bc1018	flye_ccs	contig_117	True	2683638	/nfs/chisholmlab001/kve/2023_HIFI_Genome_Closing_Project/assembly/all_assemblies/batch7.bc1018.flye_ccs.fasta	13544.0	species	Prochlorococcus C sp000760295	3651.0	3178.0	1962.0	0.75
batch7	bc1018	metaflye_ccs	contig_170	True	2683632	/nfs/chisholmlab001/kve/2023_HIFI_Genome_Closing_Project/assembly/all_assemblies/batch7.bc1018.metaflye_ccs.fasta	13544.0	species	Prochlorococcus C sp000760295	3650.0	3177.0	1961.0	0.75
batch7	bc1018	metaflye_subreadset	contig_2	True	2683636	/nfs/chisholmlab001/kve/2023_HIFI_Genome_Closing_Project/assembly/all_assemblies/batch7.bc1018.metaflye_subreadset.fasta	13544.0	species	Prochlorococcus C sp000760295	3651.0	3178.0	1962.0	0.75
batch7	bc1019	metaflye_ccs	contig_30	True	1699808	/nfs/chisholmlab001/kve/2023_HIFI_Genome_Closing_Project/assembly/all_assemblies/batch7.bc1019.metaflye_ccs.fasta	13155.0	species	Prochlorococcus A marinus N	2578.0	2188.0	1251.0	0.76
batch7	bc1020	flye_subreadset	contig_1	True	2626049	/nfs/chisholmlab001/kve/2023_HIFI_Genome_Closing_Project/assembly/all_assemblies/batch7.bc1020.flye_subreadset.fasta	82652.0	species	Synechococcus C sp000153285	3687.0	3194.0	1853.0	0.71
batch7	bc1020	metaflye_ccs	contig_1	True	2622390	/nfs/chisholmlab001/kve/2023_HIFI_Genome_Closing_Project/assembly/all_assemblies/batch7.bc1020.metaflye_ccs.fasta	82652.0	species	Synechococcus C sp000153285	3681.0	3188.0	1849.0	0.71
batch7	bc1021	metaflye_ccs	contig_96	True	1627281	/nfs/chisholmlab001/kve/2023_HIFI_Genome_Closing_Project/assembly/all_assemblies/batch7.bc1021.metaflye_ccs.fasta	46967.0	species	Prochlorococcus A marinus J	2494.0	2152.0	1032.0	0.66
batch7	bc1021	metaflye_subreadset	contig_96	True	1627280	/nfs/chisholmlab001/kve/2023_HIFI_Genome_Closing_Project/assembly/all_assemblies/batch7.bc1021.metaflye_subreadset.fasta	46967.0	species	Prochlorococcus A marinus J	2496.0	2153.0	1033.0	0.66
batch7	bc1022	flye_subreadset	contig_1	True	4602094	/nfs/chisholmlab001/kve/2023_HIFI_Genome_Closing_Project/assembly/all_assemblies/batch7.bc1022.flye_subreadset.fasta	4514.0	species	Thalassospira povalilytica	5923.0	5410.0	2911.0	0.68
batch8	bc1001	flye_ccs	contig_70	True	1751710	/nfs/chisholmlab001/kve/2023_HIFI_Genome_Closing_Project/assembly/all_assemblies/batch8.bc1001.flye_ccs.fasta	6366.0	species	Prochlorococcus marinus	2254.0	1915.0	1462.0	0.89
batch8	bc1001	metaflye_ccs	contig_12	True	1751709	/nfs/chisholmlab001/kve/2023_HIFI_Genome_Closing_Project/assembly/all_assemblies/batch8.bc1001.metaflye_ccs.fasta	6366.0	species	Prochlorococcus marinus	2254.0	1915.0	1462.0	0.89
batch8	bc1001	metaflye_subreadset	contig_61	True	1751387	/nfs/chisholmlab001/kve/2023_HIFI_Genome_Closing_Project/assembly/all_assemblies/batch8.bc1001.metaflye_subreadset.fasta	6366.0	species	Prochlorococcus marinus	2260.0	1919.0	1464.0	0.89
batch8	bc1002	metaflye_ccs	contig_51	True	2715465	/nfs/chisholmlab001/kve/2023_HIFI_Genome_Closing_Project/assembly/all_assemblies/batch8.bc1002.metaflye_ccs.fasta	13544.0	species	Prochlorococcus C sp000760295	3644.0	3168.0	1948.0	0.75
batch8	bc1009	flye_ccs	contig_1	True	1659596	/nfs/chisholmlab001/kve/2023_HIFI_Genome_Closing_Project/assembly/all_assemblies/batch8.bc1009.flye_ccs.fasta	1040.0	species	Prochlorococcus A pastoris	2443.0	2085.0	1067.0	0.66
batch8	bc1009	flye_subreadset	contig_1	True	1659579	/nfs/chisholmlab001/kve/2023_HIFI_Genome_Closing_Project/assembly/all_assemblies/batch8.bc1009.flye_subreadset.fasta	1040.0	species	Prochlorococcus A pastoris	2449.0	2093.0	1072.0	0.66
batch8	bc1009	metaflye_ccs	contig_65	True	1659596	/nfs/chisholmlab001/kve/2023_HIFI_Genome_Closing_Project/assembly/all_assemblies/batch8.bc1009.metaflye_ccs.fasta	1040.0	species	Prochlorococcus A pastoris	2443.0	2085.0	1067.0	0.66
batch8	bc1009	metaflye_subreadset	contig_657	True	1659581	/nfs/chisholmlab001/kve/2023_HIFI_Genome_Closing_Project/assembly/all_assemblies/batch8.bc1009.metaflye_subreadset.fasta	1040.0	species	Prochlorococcus A pastoris	2448.0	2094.0	1072.0	0.66
batch8	bc1010	flye_ccs	contig_1	True	1659597	/nfs/chisholmlab001/kve/2023_HIFI_Genome_Closing_Project/assembly/all_assemblies/batch8.bc1010.flye_ccs.fasta	1040.0	species	Prochlorococcus A pastoris	2443.0	2085.0	1067.0	0.66
batch8	bc1010	metaflye_ccs	contig_122	True	1659597	/nfs/chisholmlab001/kve/2023_HIFI_Genome_Closing_Project/assembly/all_assemblies/batch8.bc1010.metaflye_ccs.fasta	1040.0	species	Prochlorococcus A pastoris	2443.0	2085.0	1067.0	0.66
batch8	bc1010	metaflye_subreadset	contig_147	True	1659581	/nfs/chisholmlab001/kve/2023_HIFI_Genome_Closing_Project/assembly/all_assemblies/batch8.bc1010.metaflye_subreadset.fasta	1040.0	species	Prochlorococcus A pastoris	2450.0	2093.0	1073.0	0.66
batch8	bc1011	flye_subreadset	contig_11	True	4445038	/nfs/chisholmlab001/kve/2023_HIFI_Genome_Closing_Project/assembly/all_assemblies/batch8.bc1011.flye_subreadset.fasta	72417.0	species	Marinobacter sp001447155	6686.0	5813.0	2269.0	0.56
batch8	bc1011	metaflye_subreadset	contig_29	True	4445038	/nfs/chisholmlab001/kve/2023_HIFI_Genome_Closing_Project/assembly/all_assemblies/batch8.bc1011.metaflye_subreadset.fasta	72417.0	species	Marinobacter sp001447155	6686.0	5813.0	2269.0	0.56
batch1	bc1012	canu_ccs	tig00000003	True	1666785	/nfs/chisholmlab001/kve/2023_HIFI_Genome_Closing_Project/assembly/all_assemblies/batch1.bc1012.canu_ccs.fasta	1040.0	species	Prochlorococcus A pastoris	2460.0	2101.0	1070.0	0.66
batch1	bc1018	canu_subreadset	tig00000014	True	2470035	/nfs/chisholmlab001/kve/2023_HIFI_Genome_Closing_Project/assembly/all_assemblies/batch1.bc1018.canu_subreadset.fasta	1691.0	genus	Prochlorococcus C	3300.0	3171.0	2441.0	0.87
batch1	bc1016	canu_ccs	tig00000015	True	1650237	/nfs/chisholmlab001/kve/2023_HIFI_Genome_Closing_Project/assembly/all_assemblies/batch1.bc1016.canu_ccs.fasta	27560.0	species	Prochlorococcus A marinus E	2617.0	2262.0	911.0	0.59
batch1	bc1016	canu_subreadset	tig00000202	True	1649016	/nfs/chisholmlab001/kve/2023_HIFI_Genome_Closing_Project/assembly/all_assemblies/batch1.bc1016.canu_subreadset.fasta	27560.0	species	Prochlorococcus A marinus E	2618.0	2259.0	909.0	0.59
batch1	bc1022	canu_ccs	tig00000002	True	2858074	/nfs/chisholmlab001/kve/2023_HIFI_Genome_Closing_Project/assembly/all_assemblies/batch1.bc1022.canu_ccs.fasta	42045.0	species	Synechococcus C sp002687115	4203.0	3869.0	1734.0	0.53
batch1	bc1022	canu_subreadset	tig00000001	True	2859855	/nfs/chisholmlab001/kve/2023_HIFI_Genome_Closing_Project/assembly/all_assemblies/batch1.bc1022.canu_subreadset.fasta	42045.0	species	Synechococcus C sp002687115	4205.0	3870.0	1728.0	0.52
batch2	bc1015	canu_ccs	tig00000093	True	2431024	/nfs/chisholmlab001/kve/2023_HIFI_Genome_Closing_Project/assembly/all_assemblies/batch2.bc1015.canu_ccs.fasta	5127.0	species	Synechococcus C sp001632165	3735.0	3248.0	1673.0	0.66
batch2	bc1015	canu_subreadset	tig00000001	True	2438129	/nfs/chisholmlab001/kve/2023_HIFI_Genome_Closing_Project/assembly/all_assemblies/batch2.bc1015.canu_subreadset.fasta	5127.0	species	Synechococcus C sp001632165	3749.0	3261.0	1680.0	0.66
batch2	bc1016	canu_ccs	tig00000063	True	1719804	/nfs/chisholmlab001/kve/2023_HIFI_Genome_Closing_Project/assembly/all_assemblies/batch2.bc1016.canu_ccs.fasta	19771.0	species	Prochlorococcus A marinus L	2609.0	2257.0	1181.0	0.73
batch2	bc1016	canu_subreadset	tig00000001	True	1720176	/nfs/chisholmlab001/kve/2023_HIFI_Genome_Closing_Project/assembly/all_assemblies/batch2.bc1016.canu_subreadset.fasta	19771.0	species	Prochlorococcus A marinus L	2609.0	2258.0	1183.0	0.73
batch2	bc1017	canu_ccs	tig00000318	True	1937955	/nfs/chisholmlab001/kve/2023_HIFI_Genome_Closing_Project/assembly/all_assemblies/batch2.bc1017.canu_ccs.fasta	1815.0	genus	Prochlorococcus B	2679.0	2553.0	2159.0	0.91
batch2	bc1017	canu_subreadset	tig00000505	True	1938086	/nfs/chisholmlab001/kve/2023_HIFI_Genome_Closing_Project/assembly/all_assemblies/batch2.bc1017.canu_subreadset.fasta	1815.0	genus	Prochlorococcus B	2682.0	2556.0	2161.0	0.91
batch2	bc1018	canu_ccs	tig00000186	True	1762808	/nfs/chisholmlab001/kve/2023_HIFI_Genome_Closing_Project/assembly/all_assemblies/batch2.bc1018.canu_ccs.fasta	19267.0	species	Prochlorococcus sp000760215	2291.0	1970.0	1501.0	0.89
batch2	bc1018	canu_subreadset	tig00000001	True	1763217	/nfs/chisholmlab001/kve/2023_HIFI_Genome_Closing_Project/assembly/all_assemblies/batch2.bc1018.canu_subreadset.fasta	19267.0	species	Prochlorococcus sp000760215	2294.0	1973.0	1499.0	0.89
batch2	bc1019	canu_subreadset	tig00000001	True	1766868	/nfs/chisholmlab001/kve/2023_HIFI_Genome_Closing_Project/assembly/all_assemblies/batch2.bc1019.canu_subreadset.fasta	19267.0	species	Prochlorococcus sp000760215	2291.0	1971.0	1495.0	0.89
batch2	bc1020	canu_ccs	tig00000001	True	1759574	/nfs/chisholmlab001/kve/2023_HIFI_Genome_Closing_Project/assembly/all_assemblies/batch2.bc1020.canu_ccs.fasta	6366.0	species	Prochlorococcus marinus	2268.0	1926.0	1469.0	0.89
batch2	bc1021	canu_ccs	tig00000025	True	2424993	/nfs/chisholmlab001/kve/2023_HIFI_Genome_Closing_Project/assembly/all_assemblies/batch2.bc1021.canu_ccs.fasta	5127.0	species	Synechococcus C sp001632165	3723.0	3236.0	1658.0	0.66
batch3	bc1001	canu_subreadset	tig00000435	True	1662278	/nfs/chisholmlab001/kve/2023_HIFI_Genome_Closing_Project/assembly/all_assemblies/batch3.bc1001.canu_subreadset.fasta	15140.0	species	Prochlorococcus A marinus I	2619.0	2260.0	1049.0	0.66
batch3	bc1002	canu_ccs	tig00000184	True	1665290	/nfs/chisholmlab001/kve/2023_HIFI_Genome_Closing_Project/assembly/all_assemblies/batch3.bc1002.canu_ccs.fasta	15140.0	species	Prochlorococcus A marinus I	2617.0	2254.0	1040.0	0.66
batch3	bc1003	canu_ccs	tig00000005	True	2530582	/nfs/chisholmlab001/kve/2023_HIFI_Genome_Closing_Project/assembly/all_assemblies/batch3.bc1003.canu_ccs.fasta	1691.0	genus	Prochlorococcus C	3301.0	3166.0	2412.0	0.86
batch3	bc1003	canu_subreadset	tig00000001	True	2534869	/nfs/chisholmlab001/kve/2023_HIFI_Genome_Closing_Project/assembly/all_assemblies/batch3.bc1003.canu_subreadset.fasta	1691.0	genus	Prochlorococcus C	3293.0	3156.0	2403.0	0.86
batch3	bc1008	canu_ccs	tig00000010	True	2596915	/nfs/chisholmlab001/kve/2023_HIFI_Genome_Closing_Project/assembly/all_assemblies/batch3.bc1008.canu_ccs.fasta	1691.0	genus	Prochlorococcus C	3372.0	3208.0	2414.0	0.85
batch3	bc1008	canu_subreadset	tig00000006	True	2598252	/nfs/chisholmlab001/kve/2023_HIFI_Genome_Closing_Project/assembly/all_assemblies/batch3.bc1008.canu_subreadset.fasta	1691.0	genus	Prochlorococcus C	3379.0	3216.0	2420.0	0.84
batch3	bc1009	canu_subreadset	tig00000010	True	2582080	/nfs/chisholmlab001/kve/2023_HIFI_Genome_Closing_Project/assembly/all_assemblies/batch3.bc1009.canu_subreadset.fasta	1691.0	genus	Prochlorococcus C	3413.0	3252.0	2462.0	0.85
batch3	bc1010	canu_subreadset	tig00000001	True	2432146	/nfs/chisholmlab001/kve/2023_HIFI_Genome_Closing_Project/assembly/all_assemblies/batch3.bc1010.canu_subreadset.fasta	8562.0	genus	RCC307	3269.0	3144.0	2295.0	0.81
batch3	bc1011	canu_ccs	tig00000019	True	2640918	/nfs/chisholmlab001/kve/2023_HIFI_Genome_Closing_Project/assembly/all_assemblies/batch3.bc1011.canu_ccs.fasta	3779.0	genus	Synechococcus C	3653.0	3516.0	2642.0	0.84
batch3	bc1011	canu_subreadset	tig00000001	True	2648242	/nfs/chisholmlab001/kve/2023_HIFI_Genome_Closing_Project/assembly/all_assemblies/batch3.bc1011.canu_subreadset.fasta	3779.0	genus	Synechococcus C	3655.0	3517.0	2645.0	0.84
batch3	bc1012	canu_ccs	tig00000189	True	2803858	/nfs/chisholmlab001/kve/2023_HIFI_Genome_Closing_Project/assembly/all_assemblies/batch3.bc1012.canu_ccs.fasta	42045.0	species	Synechococcus C sp002687115	4111.0	3811.0	1693.0	0.52
batch3	bc1012	canu_subreadset	tig00000001	True	2805806	/nfs/chisholmlab001/kve/2023_HIFI_Genome_Closing_Project/assembly/all_assemblies/batch3.bc1012.canu_subreadset.fasta	42045.0	species	Synechococcus C sp002687115	4108.0	3808.0	1695.0	0.52
batch4	bc1016	canu_ccs	tig00000048	True	1705598	/nfs/chisholmlab001/kve/2023_HIFI_Genome_Closing_Project/assembly/all_assemblies/batch4.bc1016.canu_ccs.fasta	13155.0	species	Prochlorococcus A marinus N	2583.0	2211.0	1258.0	0.75
batch4	bc1017	canu_ccs	tig00000001	True	1749818	/nfs/chisholmlab001/kve/2023_HIFI_Genome_Closing_Project/assembly/all_assemblies/batch4.bc1017.canu_ccs.fasta	14468.0	species	Prochlorococcus A marinus M	2684.0	2313.0	1202.0	0.71
batch4	bc1019	canu_ccs	tig00000018	True	2718642	/nfs/chisholmlab001/kve/2023_HIFI_Genome_Closing_Project/assembly/all_assemblies/batch4.bc1019.canu_ccs.fasta	13544.0	species	Prochlorococcus C sp000760295	3650.0	3178.0	1958.0	0.75
batch4	bc1019	canu_subreadset	tig00000431	True	2719427	/nfs/chisholmlab001/kve/2023_HIFI_Genome_Closing_Project/assembly/all_assemblies/batch4.bc1019.canu_subreadset.fasta	13544.0	species	Prochlorococcus C sp000760295	3645.0	3171.0	1956.0	0.75
batch4	bc1021	canu_subreadset	tig00000542	True	2603659	/nfs/chisholmlab001/kve/2023_HIFI_Genome_Closing_Project/assembly/all_assemblies/batch4.bc1021.canu_subreadset.fasta	1691.0	genus	Prochlorococcus C	3382.0	3220.0	2435.0	0.85
batch5	bc1001	canu_ccs	tig00000010	True	1760445	/nfs/chisholmlab001/kve/2023_HIFI_Genome_Closing_Project/assembly/all_assemblies/batch5.bc1001.canu_ccs.fasta	19267.0	species	Prochlorococcus sp000760215	2284.0	1954.0	1486.0	0.89
batch5	bc1001	canu_subreadset	tig00000062	True	1761170	/nfs/chisholmlab001/kve/2023_HIFI_Genome_Closing_Project/assembly/all_assemblies/batch5.bc1001.canu_subreadset.fasta	19267.0	species	Prochlorococcus sp000760215	2296.0	1968.0	1499.0	0.89
batch5	bc1002	canu_ccs	tig00000007	True	2627346	/nfs/chisholmlab001/kve/2023_HIFI_Genome_Closing_Project/assembly/all_assemblies/batch5.bc1002.canu_ccs.fasta	1691.0	genus	Prochlorococcus C	3437.0	3283.0	2488.0	0.85
batch5	bc1003	canu_ccs	tig00000001	True	2618781	/nfs/chisholmlab001/kve/2023_HIFI_Genome_Closing_Project/assembly/all_assemblies/batch5.bc1003.canu_ccs.fasta	1691.0	genus	Prochlorococcus C	3415.0	3246.0	2457.0	0.85
batch5	bc1008	canu_ccs	tig00000033	True	3146163	/nfs/chisholmlab001/kve/2023_HIFI_Genome_Closing_Project/assembly/all_assemblies/batch5.bc1008.canu_ccs.fasta	12715.0	species	Synechococcus C sp001631935	4661.0	4463.0	2243.0	0.6
batch5	bc1009	canu_subreadset	tig00000001	True	2531960	/nfs/chisholmlab001/kve/2023_HIFI_Genome_Closing_Project/assembly/all_assemblies/batch5.bc1009.canu_subreadset.fasta	3779.0	genus	Synechococcus C	3817.0	3610.0	2821.0	0.87
batch5	bc1010	canu_ccs	tig00000008	True	2800680	/nfs/chisholmlab001/kve/2023_HIFI_Genome_Closing_Project/assembly/all_assemblies/batch5.bc1010.canu_ccs.fasta	42045.0	species	Synechococcus C sp002687115	4101.0	3800.0	1695.0	0.52
batch5	bc1010	canu_subreadset	tig00000001	True	2802529	/nfs/chisholmlab001/kve/2023_HIFI_Genome_Closing_Project/assembly/all_assemblies/batch5.bc1010.canu_subreadset.fasta	42045.0	species	Synechococcus C sp002687115	4116.0	3813.0	1704.0	0.52
batch5	bc1011	canu_ccs	tig00000120	True	2609076	/nfs/chisholmlab001/kve/2023_HIFI_Genome_Closing_Project/assembly/all_assemblies/batch5.bc1011.canu_ccs.fasta	50915.0	species	Synechococcus C sp001040845	3742.0	3405.0	1885.0	0.68
batch6	bc1010	canu_ccs	tig00000027	True	2374368	/nfs/chisholmlab001/kve/2023_HIFI_Genome_Closing_Project/assembly/all_assemblies/batch6.bc1010.canu_ccs.fasta	25883.0	species	Synechococcus C sp000063505	3445.0	3037.0	1732.0	0.69
batch6	bc1010	canu_subreadset	tig00000001	True	2371397	/nfs/chisholmlab001/kve/2023_HIFI_Genome_Closing_Project/assembly/all_assemblies/batch6.bc1010.canu_subreadset.fasta	25883.0	species	Synechococcus C sp000063505	3447.0	3037.0	1733.0	0.69
batch6	bc1012	canu_ccs	tig00000249	True	2702669	/nfs/chisholmlab001/kve/2023_HIFI_Genome_Closing_Project/assembly/all_assemblies/batch6.bc1012.canu_ccs.fasta	13544.0	species	Prochlorococcus C sp000760295	3639.0	3165.0	1955.0	0.75
batch6	bc1012	canu_subreadset	tig00000358	True	2704237	/nfs/chisholmlab001/kve/2023_HIFI_Genome_Closing_Project/assembly/all_assemblies/batch6.bc1012.canu_subreadset.fasta	13544.0	species	Prochlorococcus C sp000760295	3637.0	3164.0	1953.0	0.75
batch6	bc1015	canu_ccs	tig00000003	True	2693944	/nfs/chisholmlab001/kve/2023_HIFI_Genome_Closing_Project/assembly/all_assemblies/batch6.bc1015.canu_ccs.fasta	1691.0	genus	Prochlorococcus C	3525.0	3384.0	2500.0	0.83
batch6	bc1016	canu_ccs	tig00000386	True	1760105	/nfs/chisholmlab001/kve/2023_HIFI_Genome_Closing_Project/assembly/all_assemblies/batch6.bc1016.canu_ccs.fasta	6366.0	species	Prochlorococcus marinus	2277.0	1936.0	1475.0	0.89
batch6	bc1017	canu_ccs	tig00000007	True	2692851	/nfs/chisholmlab001/kve/2023_HIFI_Genome_Closing_Project/assembly/all_assemblies/batch6.bc1017.canu_ccs.fasta	67620.0	species	Synechococcus C sp000153825	3933.0	3418.0	2195.0	0.79
batch6	bc1017	canu_subreadset	tig00000001	True	2692264	/nfs/chisholmlab001/kve/2023_HIFI_Genome_Closing_Project/assembly/all_assemblies/batch6.bc1017.canu_subreadset.fasta	67620.0	species	Synechococcus C sp000153825	3942.0	3427.0	2209.0	0.79
batch6	bc1018	canu_ccs	tig00000069	True	1760010	/nfs/chisholmlab001/kve/2023_HIFI_Genome_Closing_Project/assembly/all_assemblies/batch6.bc1018.canu_ccs.fasta	6366.0	species	Prochlorococcus marinus	2267.0	1927.0	1469.0	0.89
batch6	bc1018	canu_subreadset	tig00000258	True	1760553	/nfs/chisholmlab001/kve/2023_HIFI_Genome_Closing_Project/assembly/all_assemblies/batch6.bc1018.canu_subreadset.fasta	6366.0	species	Prochlorococcus marinus	2273.0	1934.0	1471.0	0.89
batch7	bc1015	canu_subreadset	tig00000564	True	1631975	/nfs/chisholmlab001/kve/2023_HIFI_Genome_Closing_Project/assembly/all_assemblies/batch7.bc1015.canu_subreadset.fasta	46967.0	species	Prochlorococcus A marinus J	2534.0	2190.0	1054.0	0.67
batch7	bc1016	canu_ccs	tig00000223	True	2729461	/nfs/chisholmlab001/kve/2023_HIFI_Genome_Closing_Project/assembly/all_assemblies/batch7.bc1016.canu_ccs.fasta	13544.0	species	Prochlorococcus C sp000760295	3673.0	3195.0	1966.0	0.75
batch7	bc1017	canu_ccs	tig00000068	True	1632551	/nfs/chisholmlab001/kve/2023_HIFI_Genome_Closing_Project/assembly/all_assemblies/batch7.bc1017.canu_ccs.fasta	46967.0	species	Prochlorococcus A marinus J	2501.0	2159.0	1036.0	0.66
batch7	bc1017	canu_subreadset	tig00000001	True	1634640	/nfs/chisholmlab001/kve/2023_HIFI_Genome_Closing_Project/assembly/all_assemblies/batch7.bc1017.canu_subreadset.fasta	46967.0	species	Prochlorococcus A marinus J	2539.0	2191.0	1051.0	0.66
batch7	bc1018	canu_subreadset	tig00000636	True	2691918	/nfs/chisholmlab001/kve/2023_HIFI_Genome_Closing_Project/assembly/all_assemblies/batch7.bc1018.canu_subreadset.fasta	13544.0	species	Prochlorococcus C sp000760295	3683.0	3207.0	1977.0	0.75
batch7	bc1019	canu_subreadset	tig00000268	True	1710219	/nfs/chisholmlab001/kve/2023_HIFI_Genome_Closing_Project/assembly/all_assemblies/batch7.bc1019.canu_subreadset.fasta	13155.0	species	Prochlorococcus A marinus N	2624.0	2230.0	1275.0	0.76
batch7	bc1020	canu_ccs	tig00000005	True	2630079	/nfs/chisholmlab001/kve/2023_HIFI_Genome_Closing_Project/assembly/all_assemblies/batch7.bc1020.canu_ccs.fasta	82652.0	species	Synechococcus C sp000153285	3693.0	3200.0	1857.0	0.71
batch7	bc1020	canu_subreadset	tig00000273	True	2632331	/nfs/chisholmlab001/kve/2023_HIFI_Genome_Closing_Project/assembly/all_assemblies/batch7.bc1020.canu_subreadset.fasta	82652.0	species	Synechococcus C sp000153285	3721.0	3227.0	1882.0	0.71
batch7	bc1021	canu_ccs	tig00000049	True	1630016	/nfs/chisholmlab001/kve/2023_HIFI_Genome_Closing_Project/assembly/all_assemblies/batch7.bc1021.canu_ccs.fasta	46967.0	species	Prochlorococcus A marinus J	2502.0	2158.0	1034.0	0.66
batch7	bc1022	canu_ccs	tig00000005	True	4609694	/nfs/chisholmlab001/kve/2023_HIFI_Genome_Closing_Project/assembly/all_assemblies/batch7.bc1022.canu_ccs.fasta	4514.0	species	Thalassospira povalilytica	5931.0	5419.0	2914.0	0.68
batch7	bc1022	canu_subreadset	tig00000001	True	4604471	/nfs/chisholmlab001/kve/2023_HIFI_Genome_Closing_Project/assembly/all_assemblies/batch7.bc1022.canu_subreadset.fasta	4514.0	species	Thalassospira povalilytica	6049.0	5533.0	2957.0	0.68
batch8	bc1001	canu_ccs	tig00000085	True	1757333	/nfs/chisholmlab001/kve/2023_HIFI_Genome_Closing_Project/assembly/all_assemblies/batch8.bc1001.canu_ccs.fasta	6366.0	species	Prochlorococcus marinus	2266.0	1927.0	1473.0	0.89
batch8	bc1001	canu_subreadset	tig00000446	True	1755099	/nfs/chisholmlab001/kve/2023_HIFI_Genome_Closing_Project/assembly/all_assemblies/batch8.bc1001.canu_subreadset.fasta	6366.0	species	Prochlorococcus marinus	2274.0	1934.0	1478.0	0.89
batch8	bc1009	canu_ccs	tig00000046	True	1667154	/nfs/chisholmlab001/kve/2023_HIFI_Genome_Closing_Project/assembly/all_assemblies/batch8.bc1009.canu_ccs.fasta	1040.0	species	Prochlorococcus A pastoris	2456.0	2095.0	1072.0	0.66
batch8	bc1009	canu_subreadset	tig00000431	True	1669163	/nfs/chisholmlab001/kve/2023_HIFI_Genome_Closing_Project/assembly/all_assemblies/batch8.bc1009.canu_subreadset.fasta	1040.0	species	Prochlorococcus A pastoris	2475.0	2111.0	1077.0	0.66
batch8	bc1010	canu_ccs	tig00000121	True	1667543	/nfs/chisholmlab001/kve/2023_HIFI_Genome_Closing_Project/assembly/all_assemblies/batch8.bc1010.canu_ccs.fasta	1040.0	species	Prochlorococcus A pastoris	2454.0	2095.0	1075.0	0.66
batch8	bc1010	canu_subreadset	tig00000001	True	1673728	/nfs/chisholmlab001/kve/2023_HIFI_Genome_Closing_Project/assembly/all_assemblies/batch8.bc1010.canu_subreadset.fasta	1040.0	species	Prochlorococcus A pastoris	2471.0	2110.0	1083.0	0.66
batch1	bc1017	circlator_ccs	NODE_1_length_1641902_cov_26.076824	True	1641775	/nfs/chisholmlab001/kve/2023_HIFI_Genome_Closing_Project/assembly/all_assemblies/batch1.bc1017.circlator_ccs.fasta	27560.0	species	Prochlorococcus A marinus E	2601.0	2246.0	907.0	0.59
batch1	bc1016	circlator_ccs	NODE_1_length_1641903_cov_16.496911	True	1641776	/nfs/chisholmlab001/kve/2023_HIFI_Genome_Closing_Project/assembly/all_assemblies/batch1.bc1016.circlator_ccs.fasta	27560.0	species	Prochlorococcus A marinus E	2601.0	2246.0	907.0	0.59
batch2	bc1015	circlator_ccs	NODE_1_length_2424914_cov_23.154224	True	2424787	/nfs/chisholmlab001/kve/2023_HIFI_Genome_Closing_Project/assembly/all_assemblies/batch2.bc1015.circlator_ccs.fasta	5127.0	species	Synechococcus C sp001632165	3727.0	3241.0	1669.0	0.66
batch2	bc1016	circlator_ccs	NODE_1_length_1708707_cov_51.234653	True	1708580	/nfs/chisholmlab001/kve/2023_HIFI_Genome_Closing_Project/assembly/all_assemblies/batch2.bc1016.circlator_ccs.fasta	19771.0	species	Prochlorococcus A marinus L	2598.0	2249.0	1179.0	0.73
batch2	bc1017	circlator_ccs	NODE_1_length_1922318_cov_36.775576	True	1922306	/nfs/chisholmlab001/kve/2023_HIFI_Genome_Closing_Project/assembly/all_assemblies/batch2.bc1017.circlator_ccs.fasta	1815.0	genus	Prochlorococcus B	2678.0	2552.0	2159.0	0.92
batch2	bc1018	circlator_ccs	NODE_1_length_1752363_cov_34.386589	True	1752234	/nfs/chisholmlab001/kve/2023_HIFI_Genome_Closing_Project/assembly/all_assemblies/batch2.bc1018.circlator_ccs.fasta	19267.0	species	Prochlorococcus sp000760215	2277.0	1958.0	1490.0	0.89
batch2	bc1019	circlator_ccs	NODE_1_length_1752363_cov_120.637853	True	1752236	/nfs/chisholmlab001/kve/2023_HIFI_Genome_Closing_Project/assembly/all_assemblies/batch2.bc1019.circlator_ccs.fasta	19267.0	species	Prochlorococcus sp000760215	2275.0	1955.0	1488.0	0.89
batch2	bc1021	circlator_ccs	NODE_1_length_2414549_cov_35.492558	True	2414422	/nfs/chisholmlab001/kve/2023_HIFI_Genome_Closing_Project/assembly/all_assemblies/batch2.bc1021.circlator_ccs.fasta	5127.0	species	Synechococcus C sp001632165	3704.0	3219.0	1653.0	0.66
batch2	bc1022	circlator_ccs	NODE_1_length_2794645_cov_39.325007	True	2794518	/nfs/chisholmlab001/kve/2023_HIFI_Genome_Closing_Project/assembly/all_assemblies/batch2.bc1022.circlator_ccs.fasta	42045.0	species	Synechococcus C sp002687115	4094.0	3795.0	1691.0	0.52
batch3	bc1001	circlator_ccs	NODE_2_length_1064494_cov_8.490803	True	1066085	/nfs/chisholmlab001/kve/2023_HIFI_Genome_Closing_Project/assembly/all_assemblies/batch3.bc1001.circlator_ccs.fasta	1217.0	genus	Marinobacter	1555.0	1431.0	1006.0	0.78
batch3	bc1003	circlator_ccs	NODE_1_length_2514348_cov_36.098975	True	2520291	/nfs/chisholmlab001/kve/2023_HIFI_Genome_Closing_Project/assembly/all_assemblies/batch3.bc1003.circlator_ccs.fasta	1691.0	genus	Prochlorococcus C	3288.0	3153.0	2400.0	0.86
batch3	bc1008	circlator_ccs	NODE_1_length_2607709_cov_24.977184	True	2609500	/nfs/chisholmlab001/kve/2023_HIFI_Genome_Closing_Project/assembly/all_assemblies/batch3.bc1008.circlator_ccs.fasta	1691.0	genus	Prochlorococcus C	3406.0	3240.0	2446.0	0.85
batch3	bc1009	circlator_ccs	NODE_1_length_2569726_cov_25.761608	True	2569599	/nfs/chisholmlab001/kve/2023_HIFI_Genome_Closing_Project/assembly/all_assemblies/batch3.bc1009.circlator_ccs.fasta	1691.0	genus	Prochlorococcus C	3393.0	3232.0	2451.0	0.85
batch3	bc1011	circlator_ccs	NODE_1_length_2629673_cov_32.401174	True	2634636	/nfs/chisholmlab001/kve/2023_HIFI_Genome_Closing_Project/assembly/all_assemblies/batch3.bc1011.circlator_ccs.fasta	3779.0	genus	Synechococcus C	3639.0	3502.0	2631.0	0.84
batch3	bc1012	circlator_ccs	NODE_1_length_2793642_cov_28.908254	True	2793555	/nfs/chisholmlab001/kve/2023_HIFI_Genome_Closing_Project/assembly/all_assemblies/batch3.bc1012.circlator_ccs.fasta	42045.0	species	Synechococcus C sp002687115	4093.0	3792.0	1691.0	0.52
batch4	bc1017	circlator_ccs	NODE_2_length_1743611_cov_18.394444	True	1743484	/nfs/chisholmlab001/kve/2023_HIFI_Genome_Closing_Project/assembly/all_assemblies/batch4.bc1017.circlator_ccs.fasta	14468.0	species	Prochlorococcus A marinus M	2676.0	2306.0	1199.0	0.72
batch4	bc1018	circlator_ccs	NODE_1_length_1688064_cov_9.665314	True	1687937	/nfs/chisholmlab001/kve/2023_HIFI_Genome_Closing_Project/assembly/all_assemblies/batch4.bc1018.circlator_ccs.fasta	18803.0	species	Prochlorococcus A marinus B	2720.0	2377.0	949.0	0.58
batch4	bc1019	circlator_ccs	NODE_1_length_2705856_cov_16.821874	True	2706937	/nfs/chisholmlab001/kve/2023_HIFI_Genome_Closing_Project/assembly/all_assemblies/batch4.bc1019.circlator_ccs.fasta	13544.0	species	Prochlorococcus C sp000760295	3628.0	3156.0	1944.0	0.75
batch5	bc1001	circlator_ccs	NODE_1_length_1752363_cov_42.203972	True	1752236	/nfs/chisholmlab001/kve/2023_HIFI_Genome_Closing_Project/assembly/all_assemblies/batch5.bc1001.circlator_ccs.fasta	19267.0	species	Prochlorococcus sp000760215	2278.0	1951.0	1483.0	0.89
batch5	bc1002	circlator_ccs	NODE_1_length_2618863_cov_21.625669	True	2619413	/nfs/chisholmlab001/kve/2023_HIFI_Genome_Closing_Project/assembly/all_assemblies/batch5.bc1002.circlator_ccs.fasta	1691.0	genus	Prochlorococcus C	3426.0	3273.0	2478.0	0.85
batch5	bc1008	circlator_ccs	NODE_1_length_2985798_cov_15.993956.NODE_2_length_149992_cov_13.012785	True	3136918	/nfs/chisholmlab001/kve/2023_HIFI_Genome_Closing_Project/assembly/all_assemblies/batch5.bc1008.circlator_ccs.fasta	12715.0	species	Synechococcus C sp001631935	4645.0	4448.0	2234.0	0.6
batch5	bc1010	circlator_ccs	NODE_1_length_2793678_cov_20.903317	True	2793551	/nfs/chisholmlab001/kve/2023_HIFI_Genome_Closing_Project/assembly/all_assemblies/batch5.bc1010.circlator_ccs.fasta	42045.0	species	Synechococcus C sp002687115	4092.0	3793.0	1693.0	0.52
batch6	bc1010	circlator_ccs	NODE_1_length_2359454_cov_34.307645	True	2365236	/nfs/chisholmlab001/kve/2023_HIFI_Genome_Closing_Project/assembly/all_assemblies/batch6.bc1010.circlator_ccs.fasta	25883.0	species	Synechococcus C sp000063505	3432.0	3027.0	1726.0	0.69
batch6	bc1015	circlator_ccs	NODE_1_length_2681887_cov_31.073638	True	2681778	/nfs/chisholmlab001/kve/2023_HIFI_Genome_Closing_Project/assembly/all_assemblies/batch6.bc1015.circlator_ccs.fasta	1691.0	genus	Prochlorococcus C	3514.0	3373.0	2496.0	0.83
batch6	bc1017	circlator_ccs	NODE_1_length_2672827_cov_43.378820	True	2672873	/nfs/chisholmlab001/kve/2023_HIFI_Genome_Closing_Project/assembly/all_assemblies/batch6.bc1017.circlator_ccs.fasta	67620.0	species	Synechococcus C sp000153825	3895.0	3383.0	2174.0	0.78
batch7	bc1015	circlator_ccs	NODE_1_length_1627310_cov_23.280296	True	1627189	/nfs/chisholmlab001/kve/2023_HIFI_Genome_Closing_Project/assembly/all_assemblies/batch7.bc1015.circlator_ccs.fasta	46967.0	species	Prochlorococcus A marinus J	2494.0	2152.0	1032.0	0.66
batch7	bc1021	circlator_ccs	NODE_1_length_1627316_cov_18.947865	True	1627189	/nfs/chisholmlab001/kve/2023_HIFI_Genome_Closing_Project/assembly/all_assemblies/batch7.bc1021.circlator_ccs.fasta	46967.0	species	Prochlorococcus A marinus J	2494.0	2152.0	1032.0	0.66
batch8	bc1009	circlator_ccs	NODE_1_length_1659723_cov_29.051444	True	1659596	/nfs/chisholmlab001/kve/2023_HIFI_Genome_Closing_Project/assembly/all_assemblies/batch8.bc1009.circlator_ccs.fasta	1040.0	species	Prochlorococcus A pastoris	2442.0	2084.0	1066.0	0.66
batch8	bc1010	circlator_ccs	NODE_1_length_1659723_cov_39.338657	True	1659598	/nfs/chisholmlab001/kve/2023_HIFI_Genome_Closing_Project/assembly/all_assemblies/batch8.bc1010.circlator_ccs.fasta	1040.0	species	Prochlorococcus A pastoris	2443.0	2085.0	1066.0	0.66
